timeStamp,elapsed,label,responseCode,responseMessage,threadName,dataType,success,failureMessage,bytes,sentBytes,grpThreads,allThreads,URL,Latency,IdleTime,Connect
1789599957777,728,Flight-HTTP Request,200,OK,MakeMyTrip 1-4,text,true,,389565,260,10,10,https://www.makemytrip.com:443/flights/,143,0,113
1789599957777,147,Flight-HTTP Request-0,301,Moved Permanently,MakeMyTrip 1-4,text,true,,437,126,10,10,https://makemytrip.com/flights/,143,0,113
1789599957926,579,Flight-HTTP Request-1,200,OK,MakeMyTrip 1-4,text,true,,389128,134,10,10,https://www.makemytrip.com:443/flights/,544,0,115
1789599958507,49,Hotels-HTTP Request,200,OK,MakeMyTrip 1-4,text,true,,2226,258,10,10,https://www.makemytrip.com:443/hotels/,32,0,0
1789599958507,32,Hotels-HTTP Request-0,301,Moved Permanently,MakeMyTrip 1-4,text,true,,436,125,10,10,https://makemytrip.com/hotels/,32,0,0
1789599958539,17,Hotels-HTTP Request-1,200,OK,MakeMyTrip 1-4,text,true,,1790,133,10,10,https://www.makemytrip.com:443/hotels/,17,0,0
1789599958556,67,Buses-HTTP Request,200,OK,MakeMyTrip 1-4,text,true,,2231,268,10,10,https://www.makemytrip.com:443/bus-tickets/,49,0,0
1789599958556,49,Buses-HTTP Request-0,301,Moved Permanently,MakeMyTrip 1-4,text,true,,441,130,10,10,https://makemytrip.com/bus-tickets/,49,0,0
1789599958605,18,Buses-HTTP Request-1,200,OK,MakeMyTrip 1-4,text,true,,1790,138,10,10,https://www.makemytrip.com:443/bus-tickets/,18,0,0
1789599957548,1223,Flight-HTTP Request,200,OK,MakeMyTrip 1-1,text,true,,389564,260,10,10,https://www.makemytrip.com:443/flights/,372,0,342
1789599957548,376,Flight-HTTP Request-0,301,Moved Permanently,MakeMyTrip 1-1,text,true,,437,126,10,10,https://makemytrip.com/flights/,372,0,342
1789599957927,844,Flight-HTTP Request-1,200,OK,MakeMyTrip 1-1,text,true,,389127,134,10,10,https://www.makemytrip.com:443/flights/,814,0,124
1789599958624,180,Railways-HTTP Request,200,OK,MakeMyTrip 1-4,text,true,,190513,262,10,10,https://www.makemytrip.com:443/railways/,25,0,0
1789599958624,25,Railways-HTTP Request-0,301,Moved Permanently,MakeMyTrip 1-4,text,true,,438,127,10,10,https://makemytrip.com/railways/,25,0,0
1789599958649,155,Railways-HTTP Request-1,200,OK,MakeMyTrip 1-4,text,true,,190075,135,10,10,https://www.makemytrip.com:443/railways/,140,0,0
1789599958772,36,Hotels-HTTP Request,200,OK,MakeMyTrip 1-1,text,true,,2226,258,10,10,https://www.makemytrip.com:443/hotels/,20,0,0
1789599958772,20,Hotels-HTTP Request-0,301,Moved Permanently,MakeMyTrip 1-1,text,true,,436,125,10,10,https://makemytrip.com/hotels/,20,0,0
1789599958792,16,Hotels-HTTP Request-1,200,OK,MakeMyTrip 1-1,text,true,,1790,133,10,10,https://www.makemytrip.com:443/hotels/,16,0,0
1789599958808,35,Buses-HTTP Request,200,OK,MakeMyTrip 1-1,text,true,,2231,268,10,10,https://www.makemytrip.com:443/bus-tickets/,19,0,0
1789599958808,19,Buses-HTTP Request-0,301,Moved Permanently,MakeMyTrip 1-1,text,true,,441,130,10,10,https://makemytrip.com/bus-tickets/,19,0,0
1789599958827,16,Buses-HTTP Request-1,200,OK,MakeMyTrip 1-1,text,true,,1790,138,10,10,https://www.makemytrip.com:443/bus-tickets/,16,0,0
1789599958804,354,Cabs-HTTP Request,200,OK,MakeMyTrip 1-4,text,true,,186202,254,10,10,https://www.makemytrip.com:443/cabs/,21,0,0
1789599958804,21,Cabs-HTTP Request-0,301,Moved Permanently,MakeMyTrip 1-4,text,true,,434,123,10,10,https://makemytrip.com/cabs/,21,0,0
1789599958825,333,Cabs-HTTP Request-1,200,OK,MakeMyTrip 1-4,text,true,,185768,131,10,10,https://www.makemytrip.com:443/cabs/,321,0,0
1789599957673,1497,Flight-HTTP Request,200,OK,MakeMyTrip 1-3,text,true,,389564,260,10,10,https://www.makemytrip.com:443/flights/,247,0,217
1789599957673,251,Flight-HTTP Request-0,301,Moved Permanently,MakeMyTrip 1-3,text,true,,437,126,10,10,https://makemytrip.com/flights/,247,0,217
1789599957927,1243,Flight-HTTP Request-1,200,OK,MakeMyTrip 1-3,text,true,,389127,134,10,10,https://www.makemytrip.com:443/flights/,1187,0,113
1789599958270,900,Flight-HTTP Request,200,OK,MakeMyTrip 1-9,text,true,,389565,260,10,10,https://www.makemytrip.com:443/flights/,84,0,64
1789599958270,84,Flight-HTTP Request-0,301,Moved Permanently,MakeMyTrip 1-9,text,true,,437,126,10,10,https://makemytrip.com/flights/,84,0,64
1789599958355,815,Flight-HTTP Request-1,200,OK,MakeMyTrip 1-9,text,true,,389128,134,10,10,https://www.makemytrip.com:443/flights/,772,0,17
1789599959171,39,Hotels-HTTP Request,200,OK,MakeMyTrip 1-9,text,true,,2226,258,10,10,https://www.makemytrip.com:443/hotels/,21,0,0
1789599959171,21,Hotels-HTTP Request-0,301,Moved Permanently,MakeMyTrip 1-9,text,true,,436,125,10,10,https://makemytrip.com/hotels/,21,0,0
1789599959192,18,Hotels-HTTP Request-1,200,OK,MakeMyTrip 1-9,text,true,,1790,133,10,10,https://www.makemytrip.com:443/hotels/,18,0,0
1789599959171,40,Hotels-HTTP Request,200,OK,MakeMyTrip 1-3,text,true,,2226,258,10,10,https://www.makemytrip.com:443/hotels/,21,0,0
1789599959171,21,Hotels-HTTP Request-0,301,Moved Permanently,MakeMyTrip 1-3,text,true,,436,125,10,10,https://makemytrip.com/hotels/,21,0,0
1789599959192,19,Hotels-HTTP Request-1,200,OK,MakeMyTrip 1-3,text,true,,1790,133,10,10,https://www.makemytrip.com:443/hotels/,19,0,0
1789599957970,1244,Flight-HTTP Request,200,OK,MakeMyTrip 1-6,text,true,,389564,260,10,10,https://www.makemytrip.com:443/flights/,88,0,70
1789599957970,88,Flight-HTTP Request-0,301,Moved Permanently,MakeMyTrip 1-6,text,true,,437,126,10,10,https://makemytrip.com/flights/,88,0,70
1789599958059,1155,Flight-HTTP Request-1,200,OK,MakeMyTrip 1-6,text,true,,389127,134,10,10,https://www.makemytrip.com:443/flights/,1118,0,22
1789599959212,34,Buses-HTTP Request,200,OK,MakeMyTrip 1-3,text,true,,2231,268,10,10,https://www.makemytrip.com:443/bus-tickets/,20,0,0
1789599959212,20,Buses-HTTP Request-0,301,Moved Permanently,MakeMyTrip 1-3,text,true,,441,130,10,10,https://makemytrip.com/bus-tickets/,20,0,0
1789599959232,14,Buses-HTTP Request-1,200,OK,MakeMyTrip 1-3,text,true,,1790,138,10,10,https://www.makemytrip.com:443/bus-tickets/,14,0,0
1789599959211,37,Buses-HTTP Request,200,OK,MakeMyTrip 1-9,text,true,,2231,268,10,10,https://www.makemytrip.com:443/bus-tickets/,21,0,0
1789599959211,21,Buses-HTTP Request-0,301,Moved Permanently,MakeMyTrip 1-9,text,true,,441,130,10,10,https://makemytrip.com/bus-tickets/,21,0,0
1789599959232,16,Buses-HTTP Request-1,200,OK,MakeMyTrip 1-9,text,true,,1790,138,10,10,https://www.makemytrip.com:443/bus-tickets/,16,0,0
1789599959214,35,Hotels-HTTP Request,200,OK,MakeMyTrip 1-6,text,true,,2226,258,10,10,https://www.makemytrip.com:443/hotels/,19,0,0
1789599959214,19,Hotels-HTTP Request-0,301,Moved Permanently,MakeMyTrip 1-6,text,true,,436,125,10,10,https://makemytrip.com/hotels/,19,0,0
1789599959234,15,Hotels-HTTP Request-1,200,OK,MakeMyTrip 1-6,text,true,,1790,133,10,10,https://www.makemytrip.com:443/hotels/,15,0,0
1789599959250,30,Buses-HTTP Request,200,OK,MakeMyTrip 1-6,text,true,,2231,268,10,10,https://www.makemytrip.com:443/bus-tickets/,18,0,0
1789599959250,18,Buses-HTTP Request-0,301,Moved Permanently,MakeMyTrip 1-6,text,true,,441,130,10,10,https://makemytrip.com/bus-tickets/,18,0,0
1789599959269,11,Buses-HTTP Request-1,200,OK,MakeMyTrip 1-6,text,true,,1790,138,10,10,https://www.makemytrip.com:443/bus-tickets/,11,0,0
1789599957571,1758,Flight-HTTP Request,200,OK,MakeMyTrip 1-2,text,true,,389564,260,10,10,https://www.makemytrip.com:443/flights/,349,0,319
1789599957571,353,Flight-HTTP Request-0,301,Moved Permanently,MakeMyTrip 1-2,text,true,,437,126,10,10,https://makemytrip.com/flights/,349,0,319
1789599957927,1402,Flight-HTTP Request-1,200,OK,MakeMyTrip 1-2,text,true,,389127,134,10,10,https://www.makemytrip.com:443/flights/,1372,0,116
1789599958844,509,Railways-HTTP Request,200,OK,MakeMyTrip 1-1,text,true,,190514,262,10,10,https://www.makemytrip.com:443/railways/,21,0,0
1789599958844,21,Railways-HTTP Request-0,301,Moved Permanently,MakeMyTrip 1-1,text,true,,438,127,10,10,https://makemytrip.com/railways/,21,0,0
1789599958865,488,Railways-HTTP Request-1,200,OK,MakeMyTrip 1-1,text,true,,190076,135,10,10,https://www.makemytrip.com:443/railways/,249,0,0
1789599958071,1288,Flight-HTTP Request,200,OK,MakeMyTrip 1-7,text,true,,389564,260,10,10,https://www.makemytrip.com:443/flights/,83,0,61
1789599958071,83,Flight-HTTP Request-0,301,Moved Permanently,MakeMyTrip 1-7,text,true,,437,126,10,10,https://makemytrip.com/flights/,83,0,61
1789599958155,1204,Flight-HTTP Request-1,200,OK,MakeMyTrip 1-7,text,true,,389127,134,10,10,https://www.makemytrip.com:443/flights/,1171,0,34
1789599959329,34,Hotels-HTTP Request,200,OK,MakeMyTrip 1-2,text,true,,2226,258,10,10,https://www.makemytrip.com:443/hotels/,19,0,0
1789599959329,19,Hotels-HTTP Request-0,301,Moved Permanently,MakeMyTrip 1-2,text,true,,436,125,10,10,https://makemytrip.com/hotels/,19,0,0
1789599959348,15,Hotels-HTTP Request-1,200,OK,MakeMyTrip 1-2,text,true,,1790,133,10,10,https://www.makemytrip.com:443/hotels/,15,0,0
1789599959360,34,Hotels-HTTP Request,200,OK,MakeMyTrip 1-7,text,true,,2226,258,10,10,https://www.makemytrip.com:443/hotels/,19,0,0
1789599959360,19,Hotels-HTTP Request-0,301,Moved Permanently,MakeMyTrip 1-7,text,true,,436,125,10,10,https://makemytrip.com/hotels/,19,0,0
1789599959379,15,Hotels-HTTP Request-1,200,OK,MakeMyTrip 1-7,text,true,,1790,133,10,10,https://www.makemytrip.com:443/hotels/,15,0,0
1789599959363,42,Buses-HTTP Request,200,OK,MakeMyTrip 1-2,text,true,,2231,268,10,10,https://www.makemytrip.com:443/bus-tickets/,20,0,0
1789599959363,20,Buses-HTTP Request-0,301,Moved Permanently,MakeMyTrip 1-2,text,true,,441,130,10,10,https://makemytrip.com/bus-tickets/,20,0,0
1789599959384,21,Buses-HTTP Request-1,200,OK,MakeMyTrip 1-2,text,true,,1790,138,10,10,https://www.makemytrip.com:443/bus-tickets/,21,0,0
1789599959394,38,Buses-HTTP Request,200,OK,MakeMyTrip 1-7,text,true,,2231,268,10,10,https://www.makemytrip.com:443/bus-tickets/,21,0,0
1789599959394,22,Buses-HTTP Request-0,301,Moved Permanently,MakeMyTrip 1-7,text,true,,441,130,10,10,https://makemytrip.com/bus-tickets/,21,0,0
1789599959416,16,Buses-HTTP Request-1,200,OK,MakeMyTrip 1-7,text,true,,1790,138,10,10,https://www.makemytrip.com:443/bus-tickets/,16,0,0
1789599959246,189,Railways-HTTP Request,200,OK,MakeMyTrip 1-3,text,true,,190514,262,10,10,https://www.makemytrip.com:443/railways/,21,0,0
1789599959246,21,Railways-HTTP Request-0,301,Moved Permanently,MakeMyTrip 1-3,text,true,,438,127,10,10,https://makemytrip.com/railways/,21,0,0
1789599959268,167,Railways-HTTP Request-1,200,OK,MakeMyTrip 1-3,text,true,,190076,135,10,10,https://www.makemytrip.com:443/railways/,156,0,0
1789599959249,206,Railways-HTTP Request,200,OK,MakeMyTrip 1-9,text,true,,190515,262,10,10,https://www.makemytrip.com:443/railways/,20,0,0
1789599959249,20,Railways-HTTP Request-0,301,Moved Permanently,MakeMyTrip 1-9,text,true,,438,127,10,10,https://makemytrip.com/railways/,20,0,0
1789599959269,186,Railways-HTTP Request-1,200,OK,MakeMyTrip 1-9,text,true,,190077,135,10,10,https://www.makemytrip.com:443/railways/,147,0,0
1789599959281,178,Railways-HTTP Request,200,OK,MakeMyTrip 1-6,text,true,,190515,262,10,10,https://www.makemytrip.com:443/railways/,20,0,0
1789599959281,20,Railways-HTTP Request-0,301,Moved Permanently,MakeMyTrip 1-6,text,true,,438,127,10,10,https://makemytrip.com/railways/,20,0,0
1789599959302,157,Railways-HTTP Request-1,200,OK,MakeMyTrip 1-6,text,true,,190077,135,10,10,https://www.makemytrip.com:443/railways/,144,0,0
1789599958172,1313,Flight-HTTP Request,200,OK,MakeMyTrip 1-8,text,true,,389565,260,10,10,https://www.makemytrip.com:443/flights/,82,0,63
1789599958172,82,Flight-HTTP Request-0,301,Moved Permanently,MakeMyTrip 1-8,text,true,,437,126,10,10,https://makemytrip.com/flights/,82,0,63
1789599958256,1229,Flight-HTTP Request-1,200,OK,MakeMyTrip 1-8,text,true,,389128,134,10,10,https://www.makemytrip.com:443/flights/,1198,0,25
1789599959354,149,Cabs-HTTP Request,200,OK,MakeMyTrip 1-1,text,true,,186204,254,10,10,https://www.makemytrip.com:443/cabs/,21,0,0
1789599959354,21,Cabs-HTTP Request-0,301,Moved Permanently,MakeMyTrip 1-1,text,true,,434,123,10,10,https://makemytrip.com/cabs/,21,0,0
1789599959376,127,Cabs-HTTP Request-1,200,OK,MakeMyTrip 1-1,text,true,,185770,131,10,10,https://www.makemytrip.com:443/cabs/,117,0,0
1789599959486,30,Hotels-HTTP Request,200,OK,MakeMyTrip 1-8,text,true,,2226,258,10,10,https://www.makemytrip.com:443/hotels/,18,0,0
1789599959486,18,Hotels-HTTP Request-0,301,Moved Permanently,MakeMyTrip 1-8,text,true,,436,125,10,10,https://makemytrip.com/hotels/,18,0,0
1789599959504,12,Hotels-HTTP Request-1,200,OK,MakeMyTrip 1-8,text,true,,1790,133,10,10,https://www.makemytrip.com:443/hotels/,12,0,0
1789599959516,33,Buses-HTTP Request,200,OK,MakeMyTrip 1-8,text,true,,2231,268,10,10,https://www.makemytrip.com:443/bus-tickets/,21,0,0
1789599959516,21,Buses-HTTP Request-0,301,Moved Permanently,MakeMyTrip 1-8,text,true,,441,130,10,10,https://makemytrip.com/bus-tickets/,21,0,0
1789599959537,12,Buses-HTTP Request-1,200,OK,MakeMyTrip 1-8,text,true,,1790,138,10,10,https://www.makemytrip.com:443/bus-tickets/,12,0,0
1789599959436,147,Cabs-HTTP Request,200,OK,MakeMyTrip 1-3,text,true,,186269,254,10,10,https://www.makemytrip.com:443/cabs/,20,0,0
1789599959436,20,Cabs-HTTP Request-0,301,Moved Permanently,MakeMyTrip 1-3,text,true,,434,123,10,10,https://makemytrip.com/cabs/,20,0,0
1789599959456,127,Cabs-HTTP Request-1,200,OK,MakeMyTrip 1-3,text,true,,185835,131,10,10,https://www.makemytrip.com:443/cabs/,117,0,0
1789599957872,1719,Flight-HTTP Request,200,OK,MakeMyTrip 1-5,text,true,,389563,260,10,10,https://www.makemytrip.com:443/flights/,82,0,63
1789599957872,82,Flight-HTTP Request-0,301,Moved Permanently,MakeMyTrip 1-5,text,true,,437,126,10,10,https://makemytrip.com/flights/,82,0,63
1789599957955,1636,Flight-HTTP Request-1,200,OK,MakeMyTrip 1-5,text,true,,389126,134,10,10,https://www.makemytrip.com:443/flights/,1602,0,84
1789599959432,176,Railways-HTTP Request,200,OK,MakeMyTrip 1-7,text,true,,190514,262,10,10,https://www.makemytrip.com:443/railways/,23,0,0
1789599959432,23,Railways-HTTP Request-0,301,Moved Permanently,MakeMyTrip 1-7,text,true,,438,127,10,10,https://makemytrip.com/railways/,23,0,0
1789599959455,153,Railways-HTTP Request-1,200,OK,MakeMyTrip 1-7,text,true,,190076,135,10,10,https://www.makemytrip.com:443/railways/,140,0,0
1789599959460,166,Cabs-HTTP Request,200,OK,MakeMyTrip 1-6,text,true,,186204,254,10,10,https://www.makemytrip.com:443/cabs/,19,0,0
1789599959460,19,Cabs-HTTP Request-0,301,Moved Permanently,MakeMyTrip 1-6,text,true,,434,123,10,10,https://makemytrip.com/cabs/,19,0,0
1789599959480,146,Cabs-HTTP Request-1,200,OK,MakeMyTrip 1-6,text,true,,185770,131,10,10,https://www.makemytrip.com:443/cabs/,133,0,0
1789599959591,42,Hotels-HTTP Request,200,OK,MakeMyTrip 1-5,text,true,,2226,258,10,10,https://www.makemytrip.com:443/hotels/,24,0,0
1789599959591,24,Hotels-HTTP Request-0,301,Moved Permanently,MakeMyTrip 1-5,text,true,,436,125,10,10,https://makemytrip.com/hotels/,24,0,0
1789599959615,18,Hotels-HTTP Request-1,200,OK,MakeMyTrip 1-5,text,true,,1790,133,10,10,https://www.makemytrip.com:443/hotels/,18,0,0
1789599959406,229,Railways-HTTP Request,200,OK,MakeMyTrip 1-2,text,true,,190512,262,10,10,https://www.makemytrip.com:443/railways/,19,0,0
1789599959406,19,Railways-HTTP Request-0,301,Moved Permanently,MakeMyTrip 1-2,text,true,,438,127,10,10,https://makemytrip.com/railways/,19,0,0
1789599959425,210,Railways-HTTP Request-1,200,OK,MakeMyTrip 1-2,text,true,,190074,135,10,10,https://www.makemytrip.com:443/railways/,196,0,0
1789599958371,1287,Flight-HTTP Request,200,OK,MakeMyTrip 1-10,text,true,,389601,260,10,10,https://www.makemytrip.com:443/flights/,77,0,58
1789599958371,77,Flight-HTTP Request-0,301,Moved Permanently,MakeMyTrip 1-10,text,true,,437,126,10,10,https://makemytrip.com/flights/,77,0,58
1789599958449,1209,Flight-HTTP Request-1,200,OK,MakeMyTrip 1-10,text,true,,389164,134,10,10,https://www.makemytrip.com:443/flights/,1167,0,18
1789599959633,34,Buses-HTTP Request,200,OK,MakeMyTrip 1-5,text,true,,2231,268,10,10,https://www.makemytrip.com:443/bus-tickets/,20,0,0
1789599959633,20,Buses-HTTP Request-0,301,Moved Permanently,MakeMyTrip 1-5,text,true,,441,130,10,10,https://makemytrip.com/bus-tickets/,20,0,0
1789599959653,14,Buses-HTTP Request-1,200,OK,MakeMyTrip 1-5,text,true,,1790,138,10,10,https://www.makemytrip.com:443/bus-tickets/,14,0,0
1789599959455,218,Cabs-HTTP Request,200,OK,MakeMyTrip 1-9,text,true,,186202,254,10,10,https://www.makemytrip.com:443/cabs/,24,0,0
1789599959455,24,Cabs-HTTP Request-0,301,Moved Permanently,MakeMyTrip 1-9,text,true,,434,123,10,10,https://makemytrip.com/cabs/,24,0,0
1789599959479,194,Cabs-HTTP Request-1,200,OK,MakeMyTrip 1-9,text,true,,185768,131,10,10,https://www.makemytrip.com:443/cabs/,179,0,0
1789599959658,35,Hotels-HTTP Request,200,OK,MakeMyTrip 1-10,text,true,,2226,258,10,10,https://www.makemytrip.com:443/hotels/,20,0,0
1789599959658,20,Hotels-HTTP Request-0,301,Moved Permanently,MakeMyTrip 1-10,text,true,,436,125,10,10,https://makemytrip.com/hotels/,20,0,0
1789599959679,14,Hotels-HTTP Request-1,200,OK,MakeMyTrip 1-10,text,true,,1790,133,10,10,https://www.makemytrip.com:443/hotels/,13,0,0
1789599959693,43,Buses-HTTP Request,200,OK,MakeMyTrip 1-10,text,true,,2231,268,10,10,https://www.makemytrip.com:443/bus-tickets/,22,0,0
1789599959693,22,Buses-HTTP Request-0,301,Moved Permanently,MakeMyTrip 1-10,text,true,,441,130,10,10,https://makemytrip.com/bus-tickets/,22,0,0
1789599959715,21,Buses-HTTP Request-1,200,OK,MakeMyTrip 1-10,text,true,,1790,138,10,10,https://www.makemytrip.com:443/bus-tickets/,20,0,0
1789599959549,189,Railways-HTTP Request,200,OK,MakeMyTrip 1-8,text,true,,190514,262,10,10,https://www.makemytrip.com:443/railways/,25,0,0
1789599959549,25,Railways-HTTP Request-0,301,Moved Permanently,MakeMyTrip 1-8,text,true,,438,127,10,10,https://makemytrip.com/railways/,25,0,0
1789599959575,163,Railways-HTTP Request-1,200,OK,MakeMyTrip 1-8,text,true,,190076,135,10,10,https://www.makemytrip.com:443/railways/,148,0,0
1789599959608,155,Cabs-HTTP Request,200,OK,MakeMyTrip 1-7,text,true,,186269,254,10,10,https://www.makemytrip.com:443/cabs/,21,0,0
1789599959608,21,Cabs-HTTP Request-0,301,Moved Permanently,MakeMyTrip 1-7,text,true,,434,123,10,10,https://makemytrip.com/cabs/,21,0,0
1789599959629,134,Cabs-HTTP Request-1,200,OK,MakeMyTrip 1-7,text,true,,185835,131,10,10,https://www.makemytrip.com:443/cabs/,122,0,0
1789599959636,153,Cabs-HTTP Request,200,OK,MakeMyTrip 1-2,text,true,,186203,254,10,10,https://www.makemytrip.com:443/cabs/,20,0,0
1789599959636,20,Cabs-HTTP Request-0,301,Moved Permanently,MakeMyTrip 1-2,text,true,,434,123,10,10,https://makemytrip.com/cabs/,20,0,0
1789599959656,133,Cabs-HTTP Request-1,200,OK,MakeMyTrip 1-2,text,true,,185769,131,10,10,https://www.makemytrip.com:443/cabs/,126,0,0
1789599959738,155,Cabs-HTTP Request,200,OK,MakeMyTrip 1-8,text,true,,186269,254,10,10,https://www.makemytrip.com:443/cabs/,20,0,0
1789599959738,20,Cabs-HTTP Request-0,301,Moved Permanently,MakeMyTrip 1-8,text,true,,434,123,10,10,https://makemytrip.com/cabs/,20,0,0
1789599959758,135,Cabs-HTTP Request-1,200,OK,MakeMyTrip 1-8,text,true,,185835,131,10,10,https://www.makemytrip.com:443/cabs/,124,0,0
1789599959736,162,Railways-HTTP Request,200,OK,MakeMyTrip 1-10,text,true,,190581,262,10,10,https://www.makemytrip.com:443/railways/,20,0,0
1789599959736,20,Railways-HTTP Request-0,301,Moved Permanently,MakeMyTrip 1-10,text,true,,438,127,10,10,https://makemytrip.com/railways/,20,0,0
1789599959756,142,Railways-HTTP Request-1,200,OK,MakeMyTrip 1-10,text,true,,190143,135,10,10,https://www.makemytrip.com:443/railways/,131,0,0
1789599959898,146,Cabs-HTTP Request,200,OK,MakeMyTrip 1-10,text,true,,186203,254,10,10,https://www.makemytrip.com:443/cabs/,20,0,0
1789599959898,20,Cabs-HTTP Request-0,301,Moved Permanently,MakeMyTrip 1-10,text,true,,434,123,10,10,https://makemytrip.com/cabs/,20,0,0
1789599959918,126,Cabs-HTTP Request-1,200,OK,MakeMyTrip 1-10,text,true,,185769,131,10,10,https://www.makemytrip.com:443/cabs/,116,0,0
1789599959159,1325,Flight-HTTP Request,200,OK,MakeMyTrip 1-4,text,true,,389733,260,10,10,https://www.makemytrip.com:443/flights/,22,0,0
1789599959159,22,Flight-HTTP Request-0,301,Moved Permanently,MakeMyTrip 1-4,text,true,,437,126,10,10,https://makemytrip.com/flights/,22,0,0
1789599959181,1303,Flight-HTTP Request-1,200,OK,MakeMyTrip 1-4,text,true,,389296,134,10,10,https://www.makemytrip.com:443/flights/,1265,0,0
1789599959627,858,Flight-HTTP Request,200,OK,MakeMyTrip 1-6,text,true,,389732,260,10,10,https://www.makemytrip.com:443/flights/,21,0,0
1789599959627,21,Flight-HTTP Request-0,301,Moved Permanently,MakeMyTrip 1-6,text,true,,437,126,10,10,https://makemytrip.com/flights/,21,0,0
1789599959649,836,Flight-HTTP Request-1,200,OK,MakeMyTrip 1-6,text,true,,389295,134,10,10,https://www.makemytrip.com:443/flights/,826,0,0
1789599960486,35,Hotels-HTTP Request,200,OK,MakeMyTrip 1-6,text,true,,2226,258,10,10,https://www.makemytrip.com:443/hotels/,20,0,0
1789599960486,20,Hotels-HTTP Request-0,301,Moved Permanently,MakeMyTrip 1-6,text,true,,436,125,10,10,https://makemytrip.com/hotels/,20,0,0
1789599960506,15,Hotels-HTTP Request-1,200,OK,MakeMyTrip 1-6,text,true,,1790,133,10,10,https://www.makemytrip.com:443/hotels/,15,0,0
1789599960485,39,Hotels-HTTP Request,200,OK,MakeMyTrip 1-4,text,true,,2226,258,10,10,https://www.makemytrip.com:443/hotels/,22,0,0
1789599960485,22,Hotels-HTTP Request-0,301,Moved Permanently,MakeMyTrip 1-4,text,true,,436,125,10,10,https://makemytrip.com/hotels/,22,0,0
1789599960508,16,Hotels-HTTP Request-1,200,OK,MakeMyTrip 1-4,text,true,,1790,133,10,10,https://www.makemytrip.com:443/hotels/,16,0,0
1789599960521,41,Buses-HTTP Request,200,OK,MakeMyTrip 1-6,text,true,,2231,268,10,10,https://www.makemytrip.com:443/bus-tickets/,25,0,0
1789599960521,25,Buses-HTTP Request-0,301,Moved Permanently,MakeMyTrip 1-6,text,true,,441,130,10,10,https://makemytrip.com/bus-tickets/,25,0,0
1789599960546,16,Buses-HTTP Request-1,200,OK,MakeMyTrip 1-6,text,true,,1790,138,10,10,https://www.makemytrip.com:443/bus-tickets/,16,0,0
1789599960524,39,Buses-HTTP Request,200,OK,MakeMyTrip 1-4,text,true,,2231,268,10,10,https://www.makemytrip.com:443/bus-tickets/,24,0,0
1789599960524,24,Buses-HTTP Request-0,301,Moved Permanently,MakeMyTrip 1-4,text,true,,441,130,10,10,https://makemytrip.com/bus-tickets/,24,0,0
1789599960548,15,Buses-HTTP Request-1,200,OK,MakeMyTrip 1-4,text,true,,1790,138,10,10,https://www.makemytrip.com:443/bus-tickets/,15,0,0
1789599960047,533,Flight-HTTP Request,200,OK,MakeMyTrip 1-10,text,true,,389744,260,10,10,https://www.makemytrip.com:443/flights/,20,0,0
1789599960047,20,Flight-HTTP Request-0,301,Moved Permanently,MakeMyTrip 1-10,text,true,,437,126,10,10,https://makemytrip.com/flights/,20,0,0
1789599960067,513,Flight-HTTP Request-1,200,OK,MakeMyTrip 1-10,text,true,,389307,134,10,10,https://www.makemytrip.com:443/flights/,507,0,0
1789599960581,48,Hotels-HTTP Request,200,OK,MakeMyTrip 1-10,text,true,,2226,258,10,10,https://www.makemytrip.com:443/hotels/,32,0,0
1789599960581,32,Hotels-HTTP Request-0,301,Moved Permanently,MakeMyTrip 1-10,text,true,,436,125,10,10,https://makemytrip.com/hotels/,32,0,0
1789599960613,16,Hotels-HTTP Request-1,200,OK,MakeMyTrip 1-10,text,true,,1790,133,10,10,https://www.makemytrip.com:443/hotels/,16,0,0
1789599959790,840,Flight-HTTP Request,200,OK,MakeMyTrip 1-2,text,true,,389742,260,10,10,https://www.makemytrip.com:443/flights/,19,0,0
1789599959790,19,Flight-HTTP Request-0,301,Moved Permanently,MakeMyTrip 1-2,text,true,,437,126,10,10,https://makemytrip.com/flights/,19,0,0
1789599959810,820,Flight-HTTP Request-1,200,OK,MakeMyTrip 1-2,text,true,,389305,134,10,10,https://www.makemytrip.com:443/flights/,812,0,0
1789599959504,1132,Flight-HTTP Request,200,OK,MakeMyTrip 1-1,text,true,,389733,260,10,10,https://www.makemytrip.com:443/flights/,20,0,0
1789599959504,20,Flight-HTTP Request-0,301,Moved Permanently,MakeMyTrip 1-1,text,true,,437,126,10,10,https://makemytrip.com/flights/,20,0,0
1789599959524,1112,Flight-HTTP Request-1,200,OK,MakeMyTrip 1-1,text,true,,389296,134,10,10,https://www.makemytrip.com:443/flights/,1108,0,0
1789599960629,36,Buses-HTTP Request,200,OK,MakeMyTrip 1-10,text,true,,2231,268,10,10,https://www.makemytrip.com:443/bus-tickets/,23,0,0
1789599960629,23,Buses-HTTP Request-0,301,Moved Permanently,MakeMyTrip 1-10,text,true,,441,130,10,10,https://makemytrip.com/bus-tickets/,23,0,0
1789599960652,13,Buses-HTTP Request-1,200,OK,MakeMyTrip 1-10,text,true,,1790,138,10,10,https://www.makemytrip.com:443/bus-tickets/,13,0,0
1789599960637,35,Hotels-HTTP Request,200,OK,MakeMyTrip 1-1,text,true,,2226,258,10,10,https://www.makemytrip.com:443/hotels/,20,0,0
1789599960637,20,Hotels-HTTP Request-0,301,Moved Permanently,MakeMyTrip 1-1,text,true,,436,125,10,10,https://makemytrip.com/hotels/,20,0,0
1789599960658,14,Hotels-HTTP Request-1,200,OK,MakeMyTrip 1-1,text,true,,1790,133,10,10,https://www.makemytrip.com:443/hotels/,14,0,0
1789599960630,46,Hotels-HTTP Request,200,OK,MakeMyTrip 1-2,text,true,,2226,258,10,10,https://www.makemytrip.com:443/hotels/,31,0,0
1789599960630,31,Hotels-HTTP Request-0,301,Moved Permanently,MakeMyTrip 1-2,text,true,,436,125,10,10,https://makemytrip.com/hotels/,31,0,0
1789599960661,15,Hotels-HTTP Request-1,200,OK,MakeMyTrip 1-2,text,true,,1790,133,10,10,https://www.makemytrip.com:443/hotels/,15,0,0
1789599959764,935,Flight-HTTP Request,200,OK,MakeMyTrip 1-7,text,true,,389743,260,10,10,https://www.makemytrip.com:443/flights/,19,0,0
1789599959764,19,Flight-HTTP Request-0,301,Moved Permanently,MakeMyTrip 1-7,text,true,,437,126,10,10,https://makemytrip.com/flights/,19,0,0
1789599959783,916,Flight-HTTP Request-1,200,OK,MakeMyTrip 1-7,text,true,,389306,134,10,10,https://www.makemytrip.com:443/flights/,908,0,0
1789599959667,1037,Railways-HTTP Request,200,OK,MakeMyTrip 1-5,text,true,,190515,262,10,10,https://www.makemytrip.com:443/railways/,20,0,0
1789599959667,20,Railways-HTTP Request-0,301,Moved Permanently,MakeMyTrip 1-5,text,true,,438,127,10,10,https://makemytrip.com/railways/,20,0,0
1789599959687,1017,Railways-HTTP Request-1,200,OK,MakeMyTrip 1-5,text,true,,190077,135,10,10,https://www.makemytrip.com:443/railways/,1011,0,0
1789599960563,160,Railways-HTTP Request,200,OK,MakeMyTrip 1-4,text,true,,190514,262,10,10,https://www.makemytrip.com:443/railways/,22,0,0
1789599960563,22,Railways-HTTP Request-0,301,Moved Permanently,MakeMyTrip 1-4,text,true,,438,127,10,10,https://makemytrip.com/railways/,22,0,0
1789599960586,137,Railways-HTTP Request-1,200,OK,MakeMyTrip 1-4,text,true,,190076,135,10,10,https://www.makemytrip.com:443/railways/,123,0,0
1789599960673,51,Buses-HTTP Request,200,OK,MakeMyTrip 1-1,text,true,,2231,268,10,10,https://www.makemytrip.com:443/bus-tickets/,37,0,0
1789599960673,37,Buses-HTTP Request-0,301,Moved Permanently,MakeMyTrip 1-1,text,true,,441,130,10,10,https://makemytrip.com/bus-tickets/,37,0,0
1789599960710,14,Buses-HTTP Request-1,200,OK,MakeMyTrip 1-1,text,true,,1790,138,10,10,https://www.makemytrip.com:443/bus-tickets/,14,0,0
1789599960676,50,Buses-HTTP Request,200,OK,MakeMyTrip 1-2,text,true,,2231,268,10,10,https://www.makemytrip.com:443/bus-tickets/,32,0,0
1789599960676,33,Buses-HTTP Request-0,301,Moved Permanently,MakeMyTrip 1-2,text,true,,441,130,10,10,https://makemytrip.com/bus-tickets/,32,0,0
1789599960709,17,Buses-HTTP Request-1,200,OK,MakeMyTrip 1-2,text,true,,1790,138,10,10,https://www.makemytrip.com:443/bus-tickets/,17,0,0
1789599960699,49,Hotels-HTTP Request,200,OK,MakeMyTrip 1-7,text,true,,2226,258,10,10,https://www.makemytrip.com:443/hotels/,34,0,0
1789599960699,34,Hotels-HTTP Request-0,301,Moved Permanently,MakeMyTrip 1-7,text,true,,436,125,10,10,https://makemytrip.com/hotels/,34,0,0
1789599960733,15,Hotels-HTTP Request-1,200,OK,MakeMyTrip 1-7,text,true,,1790,133,10,10,https://www.makemytrip.com:443/hotels/,14,0,0
1789599960563,208,Railways-HTTP Request,200,OK,MakeMyTrip 1-6,text,true,,190514,262,10,10,https://www.makemytrip.com:443/railways/,20,0,0
1789599960563,20,Railways-HTTP Request-0,301,Moved Permanently,MakeMyTrip 1-6,text,true,,438,127,10,10,https://makemytrip.com/railways/,20,0,0
1789599960583,188,Railways-HTTP Request-1,200,OK,MakeMyTrip 1-6,text,true,,190076,135,10,10,https://www.makemytrip.com:443/railways/,177,0,0
1789599960748,39,Buses-HTTP Request,200,OK,MakeMyTrip 1-7,text,true,,2231,268,10,10,https://www.makemytrip.com:443/bus-tickets/,25,0,0
1789599960748,25,Buses-HTTP Request-0,301,Moved Permanently,MakeMyTrip 1-7,text,true,,441,130,10,10,https://makemytrip.com/bus-tickets/,25,0,0
1789599960773,14,Buses-HTTP Request-1,200,OK,MakeMyTrip 1-7,text,true,,1790,138,10,10,https://www.makemytrip.com:443/bus-tickets/,14,0,0
1789599960666,141,Railways-HTTP Request,200,OK,MakeMyTrip 1-10,text,true,,190581,262,10,10,https://www.makemytrip.com:443/railways/,19,0,0
1789599960666,19,Railways-HTTP Request-0,301,Moved Permanently,MakeMyTrip 1-10,text,true,,438,127,10,10,https://makemytrip.com/railways/,19,0,0
1789599960685,122,Railways-HTTP Request-1,200,OK,MakeMyTrip 1-10,text,true,,190143,135,10,10,https://www.makemytrip.com:443/railways/,106,0,0
1789599959893,930,Flight-HTTP Request,200,OK,MakeMyTrip 1-8,text,true,,389811,260,10,10,https://www.makemytrip.com:443/flights/,20,0,0
1789599959893,20,Flight-HTTP Request-0,301,Moved Permanently,MakeMyTrip 1-8,text,true,,437,126,10,10,https://makemytrip.com/flights/,20,0,0
1789599959913,910,Flight-HTTP Request-1,200,OK,MakeMyTrip 1-8,text,true,,389374,134,10,10,https://www.makemytrip.com:443/flights/,902,0,0
1789599960823,35,Hotels-HTTP Request,200,OK,MakeMyTrip 1-8,text,true,,2226,258,10,10,https://www.makemytrip.com:443/hotels/,21,0,0
1789599960823,21,Hotels-HTTP Request-0,301,Moved Permanently,MakeMyTrip 1-8,text,true,,436,125,10,10,https://makemytrip.com/hotels/,21,0,0
1789599960844,14,Hotels-HTTP Request-1,200,OK,MakeMyTrip 1-8,text,true,,1790,133,10,10,https://www.makemytrip.com:443/hotels/,14,0,0
1789599960858,37,Buses-HTTP Request,200,OK,MakeMyTrip 1-8,text,true,,2231,268,10,10,https://www.makemytrip.com:443/bus-tickets/,20,0,0
1789599960858,20,Buses-HTTP Request-0,301,Moved Permanently,MakeMyTrip 1-8,text,true,,441,130,10,10,https://makemytrip.com/bus-tickets/,20,0,0
1789599960878,17,Buses-HTTP Request-1,200,OK,MakeMyTrip 1-8,text,true,,1790,138,10,10,https://www.makemytrip.com:443/bus-tickets/,17,0,0
1789599960705,197,Cabs-HTTP Request,200,OK,MakeMyTrip 1-5,text,true,,186203,254,10,10,https://www.makemytrip.com:443/cabs/,19,0,0
1789599960705,19,Cabs-HTTP Request-0,301,Moved Permanently,MakeMyTrip 1-5,text,true,,434,123,10,10,https://makemytrip.com/cabs/,19,0,0
1789599960724,178,Cabs-HTTP Request-1,200,OK,MakeMyTrip 1-5,text,true,,185769,131,10,10,https://www.makemytrip.com:443/cabs/,156,0,0
1789599960726,182,Railways-HTTP Request,200,OK,MakeMyTrip 1-2,text,true,,190580,262,10,10,https://www.makemytrip.com:443/railways/,27,0,0
1789599960726,27,Railways-HTTP Request-0,301,Moved Permanently,MakeMyTrip 1-2,text,true,,438,127,10,10,https://makemytrip.com/railways/,27,0,0
1789599960753,155,Railways-HTTP Request-1,200,OK,MakeMyTrip 1-2,text,true,,190142,135,10,10,https://www.makemytrip.com:443/railways/,144,0,0
1789599960725,197,Railways-HTTP Request,200,OK,MakeMyTrip 1-1,text,true,,190514,262,10,10,https://www.makemytrip.com:443/railways/,28,0,0
1789599960725,29,Railways-HTTP Request-0,301,Moved Permanently,MakeMyTrip 1-1,text,true,,438,127,10,10,https://makemytrip.com/railways/,28,0,0
1789599960754,168,Railways-HTTP Request-1,200,OK,MakeMyTrip 1-1,text,true,,190076,135,10,10,https://www.makemytrip.com:443/railways/,159,0,0
1789599960772,158,Cabs-HTTP Request,200,OK,MakeMyTrip 1-6,text,true,,186267,254,10,10,https://www.makemytrip.com:443/cabs/,20,0,0
1789599960772,20,Cabs-HTTP Request-0,301,Moved Permanently,MakeMyTrip 1-6,text,true,,434,123,10,10,https://makemytrip.com/cabs/,20,0,0
1789599960792,138,Cabs-HTTP Request-1,200,OK,MakeMyTrip 1-6,text,true,,185833,131,10,10,https://www.makemytrip.com:443/cabs/,131,0,0
1789599960788,177,Railways-HTTP Request,200,OK,MakeMyTrip 1-7,text,true,,190513,262,10,10,https://www.makemytrip.com:443/railways/,19,0,0
1789599960788,19,Railways-HTTP Request-0,301,Moved Permanently,MakeMyTrip 1-7,text,true,,438,127,10,10,https://makemytrip.com/railways/,19,0,0
1789599960807,158,Railways-HTTP Request-1,200,OK,MakeMyTrip 1-7,text,true,,190075,135,10,10,https://www.makemytrip.com:443/railways/,140,0,0
1789599960807,164,Cabs-HTTP Request,200,OK,MakeMyTrip 1-10,text,true,,186202,254,10,10,https://www.makemytrip.com:443/cabs/,19,0,0
1789599960807,19,Cabs-HTTP Request-0,301,Moved Permanently,MakeMyTrip 1-10,text,true,,434,123,10,10,https://makemytrip.com/cabs/,19,0,0
1789599960826,145,Cabs-HTTP Request-1,200,OK,MakeMyTrip 1-10,text,true,,185768,131,10,10,https://www.makemytrip.com:443/cabs/,130,0,0
1789599960908,180,Cabs-HTTP Request,200,OK,MakeMyTrip 1-2,text,true,,186204,254,10,10,https://www.makemytrip.com:443/cabs/,22,0,0
1789599960908,22,Cabs-HTTP Request-0,301,Moved Permanently,MakeMyTrip 1-2,text,true,,434,123,10,10,https://makemytrip.com/cabs/,22,0,0
1789599960930,158,Cabs-HTTP Request-1,200,OK,MakeMyTrip 1-2,text,true,,185770,131,10,10,https://www.makemytrip.com:443/cabs/,147,0,0
1789599960896,199,Railways-HTTP Request,200,OK,MakeMyTrip 1-8,text,true,,190515,262,10,10,https://www.makemytrip.com:443/railways/,28,0,0
1789599960896,28,Railways-HTTP Request-0,301,Moved Permanently,MakeMyTrip 1-8,text,true,,438,127,10,10,https://makemytrip.com/railways/,28,0,0
1789599960924,171,Railways-HTTP Request-1,200,OK,MakeMyTrip 1-8,text,true,,190077,135,10,10,https://www.makemytrip.com:443/railways/,163,0,0
1789599959584,1555,Flight-HTTP Request,200,OK,MakeMyTrip 1-3,text,true,,389744,260,10,10,https://www.makemytrip.com:443/flights/,21,0,0
1789599959584,21,Flight-HTTP Request-0,301,Moved Permanently,MakeMyTrip 1-3,text,true,,437,126,10,10,https://makemytrip.com/flights/,21,0,0
1789599959605,1534,Flight-HTTP Request-1,200,OK,MakeMyTrip 1-3,text,true,,389307,134,10,10,https://www.makemytrip.com:443/flights/,1527,0,0
1789599960965,181,Cabs-HTTP Request,200,OK,MakeMyTrip 1-7,text,true,,186203,254,10,10,https://www.makemytrip.com:443/cabs/,23,0,0
1789599960965,23,Cabs-HTTP Request-0,301,Moved Permanently,MakeMyTrip 1-7,text,true,,434,123,10,10,https://makemytrip.com/cabs/,23,0,0
1789599960988,158,Cabs-HTTP Request-1,200,OK,MakeMyTrip 1-7,text,true,,185769,131,10,10,https://www.makemytrip.com:443/cabs/,148,0,0
1789599961140,37,Hotels-HTTP Request,200,OK,MakeMyTrip 1-3,text,true,,2226,258,10,10,https://www.makemytrip.com:443/hotels/,21,0,0
1789599961140,21,Hotels-HTTP Request-0,301,Moved Permanently,MakeMyTrip 1-3,text,true,,436,125,10,10,https://makemytrip.com/hotels/,21,0,0
1789599961161,16,Hotels-HTTP Request-1,200,OK,MakeMyTrip 1-3,text,true,,1790,133,10,10,https://www.makemytrip.com:443/hotels/,16,0,0
1789599961177,33,Buses-HTTP Request,200,OK,MakeMyTrip 1-3,text,true,,2231,268,10,10,https://www.makemytrip.com:443/bus-tickets/,20,0,0
1789599961177,20,Buses-HTTP Request-0,301,Moved Permanently,MakeMyTrip 1-3,text,true,,441,130,10,10,https://makemytrip.com/bus-tickets/,20,0,0
1789599961197,13,Buses-HTTP Request-1,200,OK,MakeMyTrip 1-3,text,true,,1790,138,10,10,https://www.makemytrip.com:443/bus-tickets/,13,0,0
1789599961096,164,Cabs-HTTP Request,200,OK,MakeMyTrip 1-8,text,true,,186204,254,10,10,https://www.makemytrip.com:443/cabs/,23,0,0
1789599961096,23,Cabs-HTTP Request-0,301,Moved Permanently,MakeMyTrip 1-8,text,true,,434,123,10,10,https://makemytrip.com/cabs/,23,0,0
1789599961120,140,Cabs-HTTP Request-1,200,OK,MakeMyTrip 1-8,text,true,,185770,131,10,10,https://www.makemytrip.com:443/cabs/,130,0,0
1789599961211,176,Railways-HTTP Request,200,OK,MakeMyTrip 1-3,text,true,,190580,262,10,10,https://www.makemytrip.com:443/railways/,25,0,0
1789599961211,25,Railways-HTTP Request-0,301,Moved Permanently,MakeMyTrip 1-3,text,true,,438,127,10,10,https://makemytrip.com/railways/,25,0,0
1789599961236,151,Railways-HTTP Request-1,200,OK,MakeMyTrip 1-3,text,true,,190142,135,10,10,https://www.makemytrip.com:443/railways/,134,0,0
1789599959674,1717,Flight-HTTP Request,200,OK,MakeMyTrip 1-9,text,true,,389745,260,10,10,https://www.makemytrip.com:443/flights/,23,0,0
1789599959674,23,Flight-HTTP Request-0,301,Moved Permanently,MakeMyTrip 1-9,text,true,,437,126,10,10,https://makemytrip.com/flights/,23,0,0
1789599959697,1694,Flight-HTTP Request-1,200,OK,MakeMyTrip 1-9,text,true,,389308,134,10,10,https://www.makemytrip.com:443/flights/,1686,0,0
1789599961392,36,Hotels-HTTP Request,200,OK,MakeMyTrip 1-9,text,true,,2226,258,10,10,https://www.makemytrip.com:443/hotels/,22,0,0
1789599961392,22,Hotels-HTTP Request-0,301,Moved Permanently,MakeMyTrip 1-9,text,true,,436,125,10,10,https://makemytrip.com/hotels/,22,0,0
1789599961414,14,Hotels-HTTP Request-1,200,OK,MakeMyTrip 1-9,text,true,,1790,133,10,10,https://www.makemytrip.com:443/hotels/,14,0,0
1789599961429,38,Buses-HTTP Request,200,OK,MakeMyTrip 1-9,text,true,,2231,268,10,10,https://www.makemytrip.com:443/bus-tickets/,22,0,0
1789599961429,22,Buses-HTTP Request-0,301,Moved Permanently,MakeMyTrip 1-9,text,true,,441,130,10,10,https://makemytrip.com/bus-tickets/,22,0,0
1789599961451,16,Buses-HTTP Request-1,200,OK,MakeMyTrip 1-9,text,true,,1790,138,10,10,https://www.makemytrip.com:443/bus-tickets/,16,0,0
1789599961388,167,Cabs-HTTP Request,200,OK,MakeMyTrip 1-3,text,true,,186202,254,10,10,https://www.makemytrip.com:443/cabs/,26,0,0
1789599961388,26,Cabs-HTTP Request-0,301,Moved Permanently,MakeMyTrip 1-3,text,true,,434,123,10,10,https://makemytrip.com/cabs/,26,0,0
1789599961414,141,Cabs-HTTP Request-1,200,OK,MakeMyTrip 1-3,text,true,,185768,131,10,10,https://www.makemytrip.com:443/cabs/,134,0,0
1789599960903,655,Flight-HTTP Request,200,OK,MakeMyTrip 1-5,text,true,,389744,260,10,10,https://www.makemytrip.com:443/flights/,20,0,0
1789599960903,20,Flight-HTTP Request-0,301,Moved Permanently,MakeMyTrip 1-5,text,true,,437,126,10,10,https://makemytrip.com/flights/,20,0,0
1789599960923,635,Flight-HTTP Request-1,200,OK,MakeMyTrip 1-5,text,true,,389307,134,10,10,https://www.makemytrip.com:443/flights/,625,0,0
1789599961559,38,Hotels-HTTP Request,200,OK,MakeMyTrip 1-5,text,true,,2226,258,10,10,https://www.makemytrip.com:443/hotels/,20,0,0
1789599961559,20,Hotels-HTTP Request-0,301,Moved Permanently,MakeMyTrip 1-5,text,true,,436,125,10,10,https://makemytrip.com/hotels/,20,0,0
1789599961579,18,Hotels-HTTP Request-1,200,OK,MakeMyTrip 1-5,text,true,,1790,133,10,10,https://www.makemytrip.com:443/hotels/,18,0,0
1789599961598,36,Buses-HTTP Request,200,OK,MakeMyTrip 1-5,text,true,,2231,268,10,10,https://www.makemytrip.com:443/bus-tickets/,20,0,0
1789599961598,20,Buses-HTTP Request-0,301,Moved Permanently,MakeMyTrip 1-5,text,true,,441,130,10,10,https://makemytrip.com/bus-tickets/,20,0,0
1789599961618,16,Buses-HTTP Request-1,200,OK,MakeMyTrip 1-5,text,true,,1790,138,10,10,https://www.makemytrip.com:443/bus-tickets/,16,0,0
1789599961467,201,Railways-HTTP Request,200,OK,MakeMyTrip 1-9,text,true,,190514,262,10,10,https://www.makemytrip.com:443/railways/,23,0,0
1789599961467,23,Railways-HTTP Request-0,301,Moved Permanently,MakeMyTrip 1-9,text,true,,438,127,10,10,https://makemytrip.com/railways/,23,0,0
1789599961491,177,Railways-HTTP Request-1,200,OK,MakeMyTrip 1-9,text,true,,190076,135,10,10,https://www.makemytrip.com:443/railways/,151,0,0
1789599960923,783,Cabs-HTTP Request,200,OK,MakeMyTrip 1-1,text,true,,186202,254,10,10,https://www.makemytrip.com:443/cabs/,26,0,0
1789599960923,26,Cabs-HTTP Request-0,301,Moved Permanently,MakeMyTrip 1-1,text,true,,434,123,10,10,https://makemytrip.com/cabs/,26,0,0
1789599960949,757,Cabs-HTTP Request-1,200,OK,MakeMyTrip 1-1,text,true,,185768,131,10,10,https://www.makemytrip.com:443/cabs/,747,0,0
1789599961146,664,Flight-HTTP Request,200,OK,MakeMyTrip 1-7,text,true,,389744,260,10,10,https://www.makemytrip.com:443/flights/,21,0,0
1789599961146,21,Flight-HTTP Request-0,301,Moved Permanently,MakeMyTrip 1-7,text,true,,437,126,10,10,https://makemytrip.com/flights/,21,0,0
1789599961167,643,Flight-HTTP Request-1,200,OK,MakeMyTrip 1-7,text,true,,389307,134,10,10,https://www.makemytrip.com:443/flights/,634,0,0
1789599961669,156,Cabs-HTTP Request,200,OK,MakeMyTrip 1-9,text,true,,186204,254,10,10,https://www.makemytrip.com:443/cabs/,20,0,0
1789599961669,20,Cabs-HTTP Request-0,301,Moved Permanently,MakeMyTrip 1-9,text,true,,434,123,10,10,https://makemytrip.com/cabs/,20,0,0
1789599961689,136,Cabs-HTTP Request-1,200,OK,MakeMyTrip 1-9,text,true,,185770,131,10,10,https://www.makemytrip.com:443/cabs/,126,0,0
1789599961810,35,Hotels-HTTP Request,200,OK,MakeMyTrip 1-7,text,true,,2226,258,10,10,https://www.makemytrip.com:443/hotels/,21,0,0
1789599961810,21,Hotels-HTTP Request-0,301,Moved Permanently,MakeMyTrip 1-7,text,true,,436,125,10,10,https://makemytrip.com/hotels/,21,0,0
1789599961831,14,Hotels-HTTP Request-1,200,OK,MakeMyTrip 1-7,text,true,,1790,133,10,10,https://www.makemytrip.com:443/hotels/,14,0,0
1789599961846,33,Buses-HTTP Request,200,OK,MakeMyTrip 1-7,text,true,,2231,268,10,10,https://www.makemytrip.com:443/bus-tickets/,19,0,0
1789599961846,19,Buses-HTTP Request-0,301,Moved Permanently,MakeMyTrip 1-7,text,true,,441,130,10,10,https://makemytrip.com/bus-tickets/,19,0,0
1789599961865,14,Buses-HTTP Request-1,200,OK,MakeMyTrip 1-7,text,true,,1790,138,10,10,https://www.makemytrip.com:443/bus-tickets/,14,0,0
1789599961634,249,Railways-HTTP Request,200,OK,MakeMyTrip 1-5,text,true,,190512,262,10,10,https://www.makemytrip.com:443/railways/,20,0,0
1789599961634,21,Railways-HTTP Request-0,301,Moved Permanently,MakeMyTrip 1-5,text,true,,438,127,10,10,https://makemytrip.com/railways/,20,0,0
1789599961655,228,Railways-HTTP Request-1,200,OK,MakeMyTrip 1-5,text,true,,190074,135,10,10,https://www.makemytrip.com:443/railways/,216,0,0
1789599960724,1176,Cabs-HTTP Request,200,OK,MakeMyTrip 1-4,text,true,,186203,254,10,10,https://www.makemytrip.com:443/cabs/,26,0,0
1789599960724,26,Cabs-HTTP Request-0,301,Moved Permanently,MakeMyTrip 1-4,text,true,,434,123,10,10,https://makemytrip.com/cabs/,26,0,0
1789599960750,1150,Cabs-HTTP Request-1,200,OK,MakeMyTrip 1-4,text,true,,185769,131,10,10,https://www.makemytrip.com:443/cabs/,1135,0,0
1789599960972,945,Flight-HTTP Request,200,OK,MakeMyTrip 1-10,text,true,,389743,260,10,10,https://www.makemytrip.com:443/flights/,20,0,0
1789599960972,20,Flight-HTTP Request-0,301,Moved Permanently,MakeMyTrip 1-10,text,true,,437,126,10,10,https://makemytrip.com/flights/,20,0,0
1789599960992,925,Flight-HTTP Request-1,200,OK,MakeMyTrip 1-10,text,true,,389306,134,10,10,https://www.makemytrip.com:443/flights/,919,0,0
1789599961917,35,Hotels-HTTP Request,200,OK,MakeMyTrip 1-10,text,true,,2226,258,10,10,https://www.makemytrip.com:443/hotels/,20,0,0
1789599961917,20,Hotels-HTTP Request-0,301,Moved Permanently,MakeMyTrip 1-10,text,true,,436,125,10,10,https://makemytrip.com/hotels/,20,0,0
1789599961937,15,Hotels-HTTP Request-1,200,OK,MakeMyTrip 1-10,text,true,,1790,133,10,10,https://www.makemytrip.com:443/hotels/,15,0,0
1789599961952,35,Buses-HTTP Request,200,OK,MakeMyTrip 1-10,text,true,,2231,268,10,10,https://www.makemytrip.com:443/bus-tickets/,21,0,0
1789599961952,21,Buses-HTTP Request-0,301,Moved Permanently,MakeMyTrip 1-10,text,true,,441,130,10,10,https://makemytrip.com/bus-tickets/,21,0,0
1789599961973,14,Buses-HTTP Request-1,200,OK,MakeMyTrip 1-10,text,true,,1790,138,10,10,https://www.makemytrip.com:443/bus-tickets/,13,0,0
1789599961884,174,Cabs-HTTP Request,200,OK,MakeMyTrip 1-5,text,true,,186203,254,10,10,https://www.makemytrip.com:443/cabs/,20,0,0
1789599961884,20,Cabs-HTTP Request-0,301,Moved Permanently,MakeMyTrip 1-5,text,true,,434,123,10,10,https://makemytrip.com/cabs/,20,0,0
1789599961905,153,Cabs-HTTP Request-1,200,OK,MakeMyTrip 1-5,text,true,,185769,131,10,10,https://www.makemytrip.com:443/cabs/,144,0,0
1789599961880,247,Railways-HTTP Request,200,OK,MakeMyTrip 1-7,text,true,,190514,262,10,10,https://www.makemytrip.com:443/railways/,21,0,0
1789599961880,21,Railways-HTTP Request-0,301,Moved Permanently,MakeMyTrip 1-7,text,true,,438,127,10,10,https://makemytrip.com/railways/,21,0,0
1789599961901,226,Railways-HTTP Request-1,200,OK,MakeMyTrip 1-7,text,true,,190076,135,10,10,https://www.makemytrip.com:443/railways/,215,0,0
1789599961987,169,Railways-HTTP Request,200,OK,MakeMyTrip 1-10,text,true,,190515,262,10,10,https://www.makemytrip.com:443/railways/,19,0,0
1789599961987,19,Railways-HTTP Request-0,301,Moved Permanently,MakeMyTrip 1-10,text,true,,438,127,10,10,https://makemytrip.com/railways/,19,0,0
1789599962007,149,Railways-HTTP Request-1,200,OK,MakeMyTrip 1-10,text,true,,190077,135,10,10,https://www.makemytrip.com:443/railways/,139,0,0
1789599961826,430,Flight-HTTP Request,200,OK,MakeMyTrip 1-9,text,true,,389745,260,10,10,https://www.makemytrip.com:443/flights/,20,0,0
1789599961826,20,Flight-HTTP Request-0,301,Moved Permanently,MakeMyTrip 1-9,text,true,,437,126,10,10,https://makemytrip.com/flights/,20,0,0
1789599961846,410,Flight-HTTP Request-1,200,OK,MakeMyTrip 1-9,text,true,,389308,134,10,10,https://www.makemytrip.com:443/flights/,400,0,0
1789599962257,35,Hotels-HTTP Request,200,OK,MakeMyTrip 1-9,text,true,,2226,258,10,10,https://www.makemytrip.com:443/hotels/,20,0,0
1789599962257,20,Hotels-HTTP Request-0,301,Moved Permanently,MakeMyTrip 1-9,text,true,,436,125,10,10,https://makemytrip.com/hotels/,20,0,0
1789599962277,15,Hotels-HTTP Request-1,200,OK,MakeMyTrip 1-9,text,true,,1790,133,10,10,https://www.makemytrip.com:443/hotels/,15,0,0
1789599962156,146,Cabs-HTTP Request,200,OK,MakeMyTrip 1-10,text,true,,186203,254,10,10,https://www.makemytrip.com:443/cabs/,19,0,0
1789599962156,20,Cabs-HTTP Request-0,301,Moved Permanently,MakeMyTrip 1-10,text,true,,434,123,10,10,https://makemytrip.com/cabs/,19,0,0
1789599962176,126,Cabs-HTTP Request-1,200,OK,MakeMyTrip 1-10,text,true,,185769,131,10,10,https://www.makemytrip.com:443/cabs/,116,0,0
1789599962292,43,Buses-HTTP Request,200,OK,MakeMyTrip 1-9,text,true,,2231,268,9,9,https://www.makemytrip.com:443/bus-tickets/,22,0,0
1789599962292,23,Buses-HTTP Request-0,301,Moved Permanently,MakeMyTrip 1-9,text,true,,441,130,9,9,https://makemytrip.com/bus-tickets/,22,0,0
1789599962315,20,Buses-HTTP Request-1,200,OK,MakeMyTrip 1-9,text,true,,1790,138,9,9,https://www.makemytrip.com:443/bus-tickets/,20,0,0
1789599962127,212,Cabs-HTTP Request,200,OK,MakeMyTrip 1-7,text,true,,186201,254,9,9,https://www.makemytrip.com:443/cabs/,21,0,0
1789599962127,21,Cabs-HTTP Request-0,301,Moved Permanently,MakeMyTrip 1-7,text,true,,434,123,9,9,https://makemytrip.com/cabs/,21,0,0
1789599962148,191,Cabs-HTTP Request-1,200,OK,MakeMyTrip 1-7,text,true,,185767,131,9,9,https://www.makemytrip.com:443/cabs/,171,0,0
1789599962058,742,Flight-HTTP Request,200,OK,MakeMyTrip 1-5,text,true,,389744,260,8,8,https://www.makemytrip.com:443/flights/,20,0,0
1789599962058,20,Flight-HTTP Request-0,301,Moved Permanently,MakeMyTrip 1-5,text,true,,437,126,8,8,https://makemytrip.com/flights/,20,0,0
1789599962078,722,Flight-HTTP Request-1,200,OK,MakeMyTrip 1-5,text,true,,389307,134,8,8,https://www.makemytrip.com:443/flights/,714,0,0
1789599961556,1260,Flight-HTTP Request,200,OK,MakeMyTrip 1-3,text,true,,389798,260,8,8,https://www.makemytrip.com:443/flights/,20,0,0
1789599961556,20,Flight-HTTP Request-0,301,Moved Permanently,MakeMyTrip 1-3,text,true,,437,126,8,8,https://makemytrip.com/flights/,20,0,0
1789599961576,1240,Flight-HTTP Request-1,200,OK,MakeMyTrip 1-3,text,true,,389361,134,8,8,https://www.makemytrip.com:443/flights/,1231,0,0
1789599961261,1568,Flight-HTTP Request,200,OK,MakeMyTrip 1-8,text,true,,389743,260,8,8,https://www.makemytrip.com:443/flights/,23,0,0
1789599961261,24,Flight-HTTP Request-0,301,Moved Permanently,MakeMyTrip 1-8,text,true,,437,126,8,8,https://makemytrip.com/flights/,23,0,0
1789599961285,1544,Flight-HTTP Request-1,200,OK,MakeMyTrip 1-8,text,true,,389306,134,8,8,https://www.makemytrip.com:443/flights/,1309,0,0
1789599960931,1900,Flight-HTTP Request,200,OK,MakeMyTrip 1-6,text,true,,389745,260,8,8,https://www.makemytrip.com:443/flights/,19,0,0
1789599960931,19,Flight-HTTP Request-0,301,Moved Permanently,MakeMyTrip 1-6,text,true,,437,126,8,8,https://makemytrip.com/flights/,19,0,0
1789599960950,1881,Flight-HTTP Request-1,200,OK,MakeMyTrip 1-6,text,true,,389308,134,8,8,https://www.makemytrip.com:443/flights/,1850,0,0
1789599962802,39,Hotels-HTTP Request,200,OK,MakeMyTrip 1-5,text,true,,2226,258,8,8,https://www.makemytrip.com:443/hotels/,22,0,0
1789599962802,22,Hotels-HTTP Request-0,301,Moved Permanently,MakeMyTrip 1-5,text,true,,436,125,8,8,https://makemytrip.com/hotels/,22,0,0
1789599962824,17,Hotels-HTTP Request-1,200,OK,MakeMyTrip 1-5,text,true,,1790,133,8,8,https://www.makemytrip.com:443/hotels/,17,0,0
1789599961089,1759,Flight-HTTP Request,200,OK,MakeMyTrip 1-2,text,true,,389797,260,8,8,https://www.makemytrip.com:443/flights/,23,0,0
1789599961089,23,Flight-HTTP Request-0,301,Moved Permanently,MakeMyTrip 1-2,text,true,,437,126,8,8,https://makemytrip.com/flights/,23,0,0
1789599961113,1735,Flight-HTTP Request-1,200,OK,MakeMyTrip 1-2,text,true,,389360,134,8,8,https://www.makemytrip.com:443/flights/,1703,0,0
1789599962817,35,Hotels-HTTP Request,200,OK,MakeMyTrip 1-3,text,true,,2226,258,8,8,https://www.makemytrip.com:443/hotels/,21,0,0
1789599962817,21,Hotels-HTTP Request-0,301,Moved Permanently,MakeMyTrip 1-3,text,true,,436,125,8,8,https://makemytrip.com/hotels/,21,0,0
1789599962838,14,Hotels-HTTP Request-1,200,OK,MakeMyTrip 1-3,text,true,,1790,133,8,8,https://www.makemytrip.com:443/hotels/,14,0,0
1789599962335,516,Railways-HTTP Request,200,OK,MakeMyTrip 1-9,text,true,,190515,262,8,8,https://www.makemytrip.com:443/railways/,22,0,0
1789599962335,22,Railways-HTTP Request-0,301,Moved Permanently,MakeMyTrip 1-9,text,true,,438,127,8,8,https://makemytrip.com/railways/,22,0,0
1789599962357,494,Railways-HTTP Request-1,200,OK,MakeMyTrip 1-9,text,true,,190077,135,8,8,https://www.makemytrip.com:443/railways/,474,0,0
1789599962830,36,Hotels-HTTP Request,200,OK,MakeMyTrip 1-8,text,true,,2226,258,8,8,https://www.makemytrip.com:443/hotels/,22,0,0
1789599962830,22,Hotels-HTTP Request-0,301,Moved Permanently,MakeMyTrip 1-8,text,true,,436,125,8,8,https://makemytrip.com/hotels/,22,0,0
1789599962852,14,Hotels-HTTP Request-1,200,OK,MakeMyTrip 1-8,text,true,,1790,133,8,8,https://www.makemytrip.com:443/hotels/,14,0,0
1789599962833,34,Hotels-HTTP Request,200,OK,MakeMyTrip 1-6,text,true,,2226,258,8,8,https://www.makemytrip.com:443/hotels/,19,0,0
1789599962833,19,Hotels-HTTP Request-0,301,Moved Permanently,MakeMyTrip 1-6,text,true,,436,125,8,8,https://makemytrip.com/hotels/,19,0,0
1789599962853,14,Hotels-HTTP Request-1,200,OK,MakeMyTrip 1-6,text,true,,1790,133,8,8,https://www.makemytrip.com:443/hotels/,14,0,0
1789599962841,36,Buses-HTTP Request,200,OK,MakeMyTrip 1-5,text,true,,2231,268,8,8,https://www.makemytrip.com:443/bus-tickets/,22,0,0
1789599962841,22,Buses-HTTP Request-0,301,Moved Permanently,MakeMyTrip 1-5,text,true,,441,130,8,8,https://makemytrip.com/bus-tickets/,22,0,0
1789599962863,14,Buses-HTTP Request-1,200,OK,MakeMyTrip 1-5,text,true,,1790,138,8,8,https://www.makemytrip.com:443/bus-tickets/,14,0,0
1789599962853,31,Buses-HTTP Request,200,OK,MakeMyTrip 1-3,text,true,,2231,268,8,8,https://www.makemytrip.com:443/bus-tickets/,19,0,0
1789599962853,19,Buses-HTTP Request-0,301,Moved Permanently,MakeMyTrip 1-3,text,true,,441,130,8,8,https://makemytrip.com/bus-tickets/,19,0,0
1789599962873,11,Buses-HTTP Request-1,200,OK,MakeMyTrip 1-3,text,true,,1790,138,8,8,https://www.makemytrip.com:443/bus-tickets/,11,0,0
1789599962849,39,Hotels-HTTP Request,200,OK,MakeMyTrip 1-2,text,true,,2226,258,8,8,https://www.makemytrip.com:443/hotels/,21,0,0
1789599962849,21,Hotels-HTTP Request-0,301,Moved Permanently,MakeMyTrip 1-2,text,true,,436,125,8,8,https://makemytrip.com/hotels/,21,0,0
1789599962871,17,Hotels-HTTP Request-1,200,OK,MakeMyTrip 1-2,text,true,,1790,133,8,8,https://www.makemytrip.com:443/hotels/,17,0,0
1789599962867,31,Buses-HTTP Request,200,OK,MakeMyTrip 1-6,text,true,,2231,268,8,8,https://www.makemytrip.com:443/bus-tickets/,19,0,0
1789599962867,19,Buses-HTTP Request-0,301,Moved Permanently,MakeMyTrip 1-6,text,true,,441,130,8,8,https://makemytrip.com/bus-tickets/,19,0,0
1789599962886,12,Buses-HTTP Request-1,200,OK,MakeMyTrip 1-6,text,true,,1790,138,8,8,https://www.makemytrip.com:443/bus-tickets/,12,0,0
1789599962866,35,Buses-HTTP Request,200,OK,MakeMyTrip 1-8,text,true,,2231,268,8,8,https://www.makemytrip.com:443/bus-tickets/,20,0,0
1789599962866,20,Buses-HTTP Request-0,301,Moved Permanently,MakeMyTrip 1-8,text,true,,441,130,8,8,https://makemytrip.com/bus-tickets/,20,0,0
1789599962887,14,Buses-HTTP Request-1,200,OK,MakeMyTrip 1-8,text,true,,1790,138,8,8,https://www.makemytrip.com:443/bus-tickets/,14,0,0
1789599962888,32,Buses-HTTP Request,200,OK,MakeMyTrip 1-2,text,true,,2231,268,8,8,https://www.makemytrip.com:443/bus-tickets/,19,0,0
1789599962888,19,Buses-HTTP Request-0,301,Moved Permanently,MakeMyTrip 1-2,text,true,,441,130,8,8,https://makemytrip.com/bus-tickets/,19,0,0
1789599962907,13,Buses-HTTP Request-1,200,OK,MakeMyTrip 1-2,text,true,,1790,138,8,8,https://www.makemytrip.com:443/bus-tickets/,13,0,0
1789599962853,167,Cabs-HTTP Request,200,OK,MakeMyTrip 1-9,text,true,,186204,254,8,8,https://www.makemytrip.com:443/cabs/,19,0,0
1789599962853,19,Cabs-HTTP Request-0,301,Moved Permanently,MakeMyTrip 1-9,text,true,,434,123,8,8,https://makemytrip.com/cabs/,19,0,0
1789599962872,148,Cabs-HTTP Request-1,200,OK,MakeMyTrip 1-9,text,true,,185770,131,8,8,https://www.makemytrip.com:443/cabs/,135,0,0
1789599961901,1129,Flight-HTTP Request,200,OK,MakeMyTrip 1-4,text,true,,389745,260,7,7,https://www.makemytrip.com:443/flights/,20,0,0
1789599961901,20,Flight-HTTP Request-0,301,Moved Permanently,MakeMyTrip 1-4,text,true,,437,126,7,7,https://makemytrip.com/flights/,20,0,0
1789599961921,1109,Flight-HTTP Request-1,200,OK,MakeMyTrip 1-4,text,true,,389308,134,7,7,https://www.makemytrip.com:443/flights/,1090,0,0
1789599962877,182,Railways-HTTP Request,200,OK,MakeMyTrip 1-5,text,true,,190514,262,7,7,https://www.makemytrip.com:443/railways/,20,0,0
1789599962877,20,Railways-HTTP Request-0,301,Moved Permanently,MakeMyTrip 1-5,text,true,,438,127,7,7,https://makemytrip.com/railways/,20,0,0
1789599962897,162,Railways-HTTP Request-1,200,OK,MakeMyTrip 1-5,text,true,,190076,135,7,7,https://www.makemytrip.com:443/railways/,151,0,0
1789599963032,35,Hotels-HTTP Request,200,OK,MakeMyTrip 1-4,text,true,,2226,258,7,7,https://www.makemytrip.com:443/hotels/,19,0,0
1789599963032,19,Hotels-HTTP Request-0,301,Moved Permanently,MakeMyTrip 1-4,text,true,,436,125,7,7,https://makemytrip.com/hotels/,19,0,0
1789599963051,16,Hotels-HTTP Request-1,200,OK,MakeMyTrip 1-4,text,true,,1790,133,7,7,https://www.makemytrip.com:443/hotels/,16,0,0
1789599962885,182,Railways-HTTP Request,200,OK,MakeMyTrip 1-3,text,true,,190514,262,7,7,https://www.makemytrip.com:443/railways/,28,0,0
1789599962885,29,Railways-HTTP Request-0,301,Moved Permanently,MakeMyTrip 1-3,text,true,,438,127,7,7,https://makemytrip.com/railways/,28,0,0
1789599962914,153,Railways-HTTP Request-1,200,OK,MakeMyTrip 1-3,text,true,,190076,135,7,7,https://www.makemytrip.com:443/railways/,144,0,0
1789599962898,184,Railways-HTTP Request,200,OK,MakeMyTrip 1-6,text,true,,190513,262,7,7,https://www.makemytrip.com:443/railways/,19,0,0
1789599962898,19,Railways-HTTP Request-0,301,Moved Permanently,MakeMyTrip 1-6,text,true,,438,127,7,7,https://makemytrip.com/railways/,19,0,0
1789599962917,165,Railways-HTTP Request-1,200,OK,MakeMyTrip 1-6,text,true,,190075,135,7,7,https://www.makemytrip.com:443/railways/,154,0,0
1789599962901,187,Railways-HTTP Request,200,OK,MakeMyTrip 1-8,text,true,,190514,262,7,7,https://www.makemytrip.com:443/railways/,26,0,0
1789599962901,26,Railways-HTTP Request-0,301,Moved Permanently,MakeMyTrip 1-8,text,true,,438,127,7,7,https://makemytrip.com/railways/,26,0,0
1789599962928,160,Railways-HTTP Request-1,200,OK,MakeMyTrip 1-8,text,true,,190076,135,7,7,https://www.makemytrip.com:443/railways/,154,0,0
1789599962921,171,Railways-HTTP Request,200,OK,MakeMyTrip 1-2,text,true,,190514,262,7,7,https://www.makemytrip.com:443/railways/,18,0,0
1789599962921,18,Railways-HTTP Request-0,301,Moved Permanently,MakeMyTrip 1-2,text,true,,438,127,7,7,https://makemytrip.com/railways/,18,0,0
1789599962939,153,Railways-HTTP Request-1,200,OK,MakeMyTrip 1-2,text,true,,190076,135,7,7,https://www.makemytrip.com:443/railways/,144,0,0
1789599963068,36,Buses-HTTP Request,200,OK,MakeMyTrip 1-4,text,true,,2231,268,7,7,https://www.makemytrip.com:443/bus-tickets/,21,0,0
1789599963068,21,Buses-HTTP Request-0,301,Moved Permanently,MakeMyTrip 1-4,text,true,,441,130,7,7,https://makemytrip.com/bus-tickets/,21,0,0
1789599963089,15,Buses-HTTP Request-1,200,OK,MakeMyTrip 1-4,text,true,,1790,138,7,7,https://www.makemytrip.com:443/bus-tickets/,15,0,0
1789599961706,1435,Flight-HTTP Request,200,OK,MakeMyTrip 1-1,text,true,,389743,260,7,7,https://www.makemytrip.com:443/flights/,20,0,0
1789599961706,20,Flight-HTTP Request-0,301,Moved Permanently,MakeMyTrip 1-1,text,true,,437,126,7,7,https://makemytrip.com/flights/,20,0,0
1789599961726,1415,Flight-HTTP Request-1,200,OK,MakeMyTrip 1-1,text,true,,389306,134,7,7,https://www.makemytrip.com:443/flights/,1411,0,0
1789599963143,33,Hotels-HTTP Request,200,OK,MakeMyTrip 1-1,text,true,,2226,258,7,7,https://www.makemytrip.com:443/hotels/,19,0,0
1789599963143,19,Hotels-HTTP Request-0,301,Moved Permanently,MakeMyTrip 1-1,text,true,,436,125,7,7,https://makemytrip.com/hotels/,19,0,0
1789599963162,14,Hotels-HTTP Request-1,200,OK,MakeMyTrip 1-1,text,true,,1790,133,7,7,https://www.makemytrip.com:443/hotels/,14,0,0
1789599963176,37,Buses-HTTP Request,200,OK,MakeMyTrip 1-1,text,true,,2231,268,7,7,https://www.makemytrip.com:443/bus-tickets/,22,0,0
1789599963176,22,Buses-HTTP Request-0,301,Moved Permanently,MakeMyTrip 1-1,text,true,,441,130,7,7,https://makemytrip.com/bus-tickets/,22,0,0
1789599963198,15,Buses-HTTP Request-1,200,OK,MakeMyTrip 1-1,text,true,,1790,138,7,7,https://www.makemytrip.com:443/bus-tickets/,15,0,0
1789599963059,175,Cabs-HTTP Request,200,OK,MakeMyTrip 1-5,text,true,,186204,254,7,7,https://www.makemytrip.com:443/cabs/,24,0,0
1789599963059,24,Cabs-HTTP Request-0,301,Moved Permanently,MakeMyTrip 1-5,text,true,,434,123,7,7,https://makemytrip.com/cabs/,24,0,0
1789599963083,151,Cabs-HTTP Request-1,200,OK,MakeMyTrip 1-5,text,true,,185770,131,7,7,https://www.makemytrip.com:443/cabs/,142,0,0
1789599963083,160,Cabs-HTTP Request,200,OK,MakeMyTrip 1-6,text,true,,186269,254,6,6,https://www.makemytrip.com:443/cabs/,19,0,0
1789599963083,19,Cabs-HTTP Request-0,301,Moved Permanently,MakeMyTrip 1-6,text,true,,434,123,6,6,https://makemytrip.com/cabs/,19,0,0
1789599963102,141,Cabs-HTTP Request-1,200,OK,MakeMyTrip 1-6,text,true,,185835,131,6,6,https://www.makemytrip.com:443/cabs/,131,0,0
1789599963092,158,Cabs-HTTP Request,200,OK,MakeMyTrip 1-2,text,true,,186204,254,5,5,https://www.makemytrip.com:443/cabs/,19,0,0
1789599963092,19,Cabs-HTTP Request-0,301,Moved Permanently,MakeMyTrip 1-2,text,true,,434,123,5,5,https://makemytrip.com/cabs/,19,0,0
1789599963111,139,Cabs-HTTP Request-1,200,OK,MakeMyTrip 1-2,text,true,,185770,131,5,5,https://www.makemytrip.com:443/cabs/,130,0,0
1789599963068,187,Cabs-HTTP Request,200,OK,MakeMyTrip 1-3,text,true,,186204,254,4,4,https://www.makemytrip.com:443/cabs/,20,0,0
1789599963068,20,Cabs-HTTP Request-0,301,Moved Permanently,MakeMyTrip 1-3,text,true,,434,123,4,4,https://makemytrip.com/cabs/,20,0,0
1789599963088,167,Cabs-HTTP Request-1,200,OK,MakeMyTrip 1-3,text,true,,185770,131,4,4,https://www.makemytrip.com:443/cabs/,157,0,0
1789599963088,187,Cabs-HTTP Request,200,OK,MakeMyTrip 1-8,text,true,,186204,254,3,3,https://www.makemytrip.com:443/cabs/,22,0,0
1789599963088,22,Cabs-HTTP Request-0,301,Moved Permanently,MakeMyTrip 1-8,text,true,,434,123,3,3,https://makemytrip.com/cabs/,22,0,0
1789599963110,165,Cabs-HTTP Request-1,200,OK,MakeMyTrip 1-8,text,true,,185770,131,3,3,https://www.makemytrip.com:443/cabs/,150,0,0
1789599963213,171,Railways-HTTP Request,200,OK,MakeMyTrip 1-1,text,true,,190514,262,2,2,https://www.makemytrip.com:443/railways/,21,0,0
1789599963213,21,Railways-HTTP Request-0,301,Moved Permanently,MakeMyTrip 1-1,text,true,,438,127,2,2,https://makemytrip.com/railways/,21,0,0
1789599963234,150,Railways-HTTP Request-1,200,OK,MakeMyTrip 1-1,text,true,,190076,135,2,2,https://www.makemytrip.com:443/railways/,136,0,0
1789599963105,279,Railways-HTTP Request,200,OK,MakeMyTrip 1-4,text,true,,190515,262,2,2,https://www.makemytrip.com:443/railways/,21,0,0
1789599963105,21,Railways-HTTP Request-0,301,Moved Permanently,MakeMyTrip 1-4,text,true,,438,127,2,2,https://makemytrip.com/railways/,21,0,0
1789599963126,258,Railways-HTTP Request-1,200,OK,MakeMyTrip 1-4,text,true,,190077,135,2,2,https://www.makemytrip.com:443/railways/,240,0,0
1789599963384,157,Cabs-HTTP Request,200,OK,MakeMyTrip 1-4,text,true,,186270,254,2,2,https://www.makemytrip.com:443/cabs/,21,0,0
1789599963384,21,Cabs-HTTP Request-0,301,Moved Permanently,MakeMyTrip 1-4,text,true,,434,123,2,2,https://makemytrip.com/cabs/,21,0,0
1789599963405,136,Cabs-HTTP Request-1,200,OK,MakeMyTrip 1-4,text,true,,185836,131,2,2,https://www.makemytrip.com:443/cabs/,122,0,0
1789599963384,169,Cabs-HTTP Request,200,OK,MakeMyTrip 1-1,text,true,,186203,254,1,1,https://www.makemytrip.com:443/cabs/,21,0,0
1789599963384,21,Cabs-HTTP Request-0,301,Moved Permanently,MakeMyTrip 1-1,text,true,,434,123,1,1,https://makemytrip.com/cabs/,21,0,0
1789599963405,148,Cabs-HTTP Request-1,200,OK,MakeMyTrip 1-1,text,true,,185769,131,1,1,https://www.makemytrip.com:443/cabs/,138,0,0
